Küsimus	Vastus A)	Vastus B)	Vastus C)	Õige vastus
Kumb on korrektne?	varroalesta ravitakse	varroalesta tõrjutakse		b
Milline neist on korrektne termin?	mesilasema	emamesilane	kuninganna	a
Kuidas nimetatakse eesti keeles isasmesilast?	Kuidas nimetatakse eesti keeles isasmesilast?	droon	lesk	c
Kumb on korrektne?	mesitaru sülemleb	mesilaspere sülemleb		b
Kumb lause on korrektne?	Eestis kasutatakse enamasti Farrar, Langstroth ja Eesti kärjemõõtu	Eestis levib enamasti Langstroth, Farrar ja Eesti raamimõõt		b
Mesilased korjavalt õitelt..	mett	nektarit	taruvaiku	b
Mesilased sülemlevad, sest..	see on nende loomulik viis paljunemiseks ja mesilaspere suuruse reguleerimiseks antud pesaruumis	neil on tekkinud nälg		a
Mis on suvise töömesilase keskmine eluiga?	25-35 päeva	35-45 päeva	45-50 päeva	b
Kelle ettenähtud eluiga on mesilasperes kõige pikem?	lese eluiga	mesilasema eluiga	talvituva töömesilase eluiga	b
Kuidas nimetati mesinduse ajastut või tegevust kus inimesed otsisid mesilasperesid kaljukoobastest või kõrgetest puuõõnsustest ning võtsid ära kõik mee ja kärjed ilma, et neid oleks huvitanud mesilaste edaspidine käekäik?	metsamesinduse ajastu	raamtarude ajastu	meejaht	c
Mida kujutas endast "pakktarude ajastu?"	inimesed hakkasid mesilasi pakkides transportima	Inimesed hakkasid esmakordselt looma mesilastele õõnsate puupakkude näol jätkusuutlikke elamustingimusi enda kodu lähedal		b
Miks oli 19. sajandil avastatud "mesilaskäik" oluline läbimurre mesinduses?	saime teada, kui suureks mesilaspere on suuteline arenema	saime täiustada taru ja võtta kasutusele liikuvad raamid	saime teada, et meemesilased jagunevad omakorda erinevateks rassideks	b
Töömesilased on..	emasisendid kes arenevad viljastamata munadest	emasisendid kes arenevad viljastatud munadest	isasmesilased kes arenevad viljastamata munadest	b
Mesilasema alustab munemist..	detsembris	veebruari lõpp-märtsi algus	siis kui mesinik teeb esimese kevadise laienduse	b
Mida nimetatakse emaaineks?	mesilasema geneetilisi omadusi	spetsiaalne toitepiim mille abil areneb vaglast mesilasema c)mesilasema ülalõuanäärme nõre mille järgi tunnetavad töömesilased mesilasema olemasolu	mesilasema ülalõuanäärme nõre mille järgi tunnetavad töömesilased mesilasema olemasolu	c
Esimesel sülemlemisel lendab ära..	äsja kupust koorunud mesilasema ja vanad mesilased	vana mesilasema ja noored mesilased		b
Mesilasema eluiga on kuni..	3 aastat	5 aastat	sõltuvalt kliimast kuni 7 aastat	b
Millise värviga märgitakse 2021 aastal koorunud mesilasema?	sinine	kollane	valge	c
Miks vahetatakse suurtes mesilates mesilasema välja varem kui tema võimaliku eluaja lõpul?	mesinikul on suvel igav	noorem mesilasema muneb intensiivsemalt ja sellise vahetusega saab juhtida mesilaspere arengut	see on tava millest iga lugupeetud mesinik kinni peab	b
Mis on salajane emadevahetus?	vana traditsioon kus naaber-mesinik vahetab salaja sinu mesilasperel ema ära	mesilaspere kasvatab ise omale uue mesilasema	mesinik vahetab salaja mesilasema ära ajal kui kõik töömesilased on korjel	b
Ühes kilogrammis on umbes..	1000 mesilast	10'000 mesilast	100'000 mesilast	b
Suve keskpaigas on ühes tugevas mesilasperes umbes..	30'000 mesilast	80'000 mesilast	200'000 mesilast	b
Talveperioodil on mesilasperes umbes..	30'000 mesilast	80'000 mesilast		a
Mille alusel jaotuvad tarumesilaste tööülesanded?	mesilasema korralduste alusel	korje ja kliima mõjutusel	mesilaste vanuse alusel mis määrab erinevate näärmete aktiivsuse	c
Noore, äsja koorunud töömesilase esimene ülesanne tarus on..	haudme alt vabanenud kärjekannude puhastamine	suira söömine, et koguda jõudu	vee toomine	a
Kas 15 päeva vanune tarumesilane on suuteline nõelama?	ei	jah		b
Noor amm mesilane toidab esimesena..	vanemaid vaklu suiraga	nooremaid (kuni 3 päeva vanuseid) vaklu toitepiimaga (ülalõua ja neelunäärme nõre)		a
Mis on "mesilaste leib?"	suir	taruvaik c)nektar	nektar	a
Mis vanuses siirdub töömesilane korjele?	2,5-3 nädala vanuselt	30 päeva möödudes	35 päeva möödudes	a
Mis tegevus kulutab mesilast kõige rohkem?	nektari töötlemine	lendamine c)sülemlemiseks valmistumine	sülemlemiseks valmistumine	b
Kui mesinik tahab, et Eesti suve peakorjeks oleks tal võimalikult suur hulk korjemesilasi, siis millisel ajahetkel on mesilasema intensiivne munemine eriti oluline?	märtsi algus	mai kuus	jaanipäeval	b
Millal alustatakse talvituma minevate mesilaste munemist?	alates juuli teisest poolest	alates septembri algusest	talvituma läheb ainult viimane koorunud haue	a
Mis on küürakhaue?	mesilasema puudumise tõttu munemist alustanud töömesilane kes muneb viljastatud mune millest arenevad ainult lesed	mesilasema puudumise tõttu munemist alustanud töömesilane kes muneb ainult viljastamata mune millest arenevad suguvõimetud lesed	mesilasema kes muneb "auklikult"	b
Kui pikk on talvituva mesilase eluiga?	35-40 päeva	3 kuud	kuni 8 kuud	c
Kui pikk on lese eluiga?	30-35 päeva	2 kuud või kuni mesilasema viljastamiseni	suvel 2 kuud ja talvituvad lesed elavad esimese puhastuslennuni	b
Kas lesk võib nõeluda kui teda sõrmega tögada?	jah	ei		b
Lesk omab ainult emapoolseid geene (ja kannab edasi tema omadusi), sest..	ta arenes viljastatud munast	ta arenes viljastamata munast		b
Kui pikk on lese ja töölismesilase avashaudme munastaadium?	1 päev	3 päeva	5 päeva	b
Kuidas toimub valmiku koorumine?	amm-mesilane närib kannukaane läbi	valmik närib ise kannukaane läbi	kannukaas muutub ise õigel ajahetkel rabedaks	b
Kes aetakse sügisel tarust välja?	lest	lesk		b
Kui mesilasema peaks varakevadel hukkuma, kas mesilaspere suudab end ise päästa?	kui lahtine haue on olemas, siis mesilased teevad ruttu aseema kupu ja pere jätkusuutlikus on tagatud	kui avashaue on olemas, siis mesilased teevad ruttu aseema kupu, kuid leskede puudumisel jääb mesilasema paarumata ja pere ei saa edasi areneda		b
Lesk muutub suguküpseks..	kohe peale koorumist	u 12 päeva peale koorumist	peale pulmalennul käimist	b
Mesilasema areneb emakupus.. 24 päeva (lahtine haue 10 ja kaanetatud haue 14 päevab21 päeva (lahtine 9 päeva ja kaanetatud haue 12 päevac16 päeva (lahtine haue 8 ja kaanetatud haue 8 päeva)	24 päeva (lahtine haue 10 ja kaanetatud haue 14 päeva)	21 päeva (lahtine 9 päeva ja kaanetatud haue 12 päeva)	16 päeva (lahtine haue 8 ja kaanetatud haue 8 päeva)	c
Kui kuni kolme päeva vanust töölisvakla (keda on toidetud töölisvagla toitepiimagahakatakse edasi toitma ematoitepiimaga, siis areneb temast..	hakatakse edasi toitma ematoitepiimaga, siis areneb temast.. töölismesilane, sest ta sai juba töölisvagla toitepiima	mesilasema	lesk	b
Mesilasema on suguküps..	5 päeva peale koorumist	peale pulmalendu	kohe peale koorumist	a
Meemesilane on..	ühiseluline putukas - suudavad elada vaid üheskoos suure perena	ühiseluline putukas, kuid suudab vajadusel ka üksi elada väljaspool mesilaspere		a
Mis on "plaathaue?"	kvaliteetne mesilasema on munenud täis peaaegu kõik tööliskannud kogu kärjepinna ulatuses	ohtra lesehaudmega kärg		a
Mis juhtub kui mesilaskäik on suurem kui 9 mm?	mesilased võivad ehitada sinna kärje	mesilased kitivad selle taruvaiguga kinni		a
Mis juhtub kui mesilaskäik on väiksem kui 5mm?	mesilased võivad ehitada sinna kärje	mesilased kitivad selle taruvaiguga kinni		b
Kuidas asetsevad pesaruumis kärjed?	pesaruumi keskel on suirakärjed, seda ümbritsevad meekärjed ja haudmekärjed vaheldumisi	pesaruumi keskel on haudmekärjed, seda ümbritsevad suirakärjed ning meekärjed asuvad pesaruumi äärtes		b
Kuidas asetseb mee-, suira- ja haudmevöö kärjel?	kärje keskel on meevöö, seejärel suiravöö ning haue asub kärje äärtes	kärje keskel on haudmevöö, seejärel suiravöö ning mesi asub kärje äärtes		b
Kas mesilased hoiavad haudme- ja meekärje otstarbe alati üksteisest lahus?	jah, haudmekannudesse ei pakita kunagi nektarit	ei, mesilased kasutavad vajadusel samu kärgesid erinevaks otstarbeks		b
Sülemikupp..	ehitatakse tööliskannu põhja laiendades ning juba olemasolevale noorele töölisvaglale	ehitatakse valmis sülemlemisperioodil, tavaliselt kärje äärde ning mesilasema "sunnitakse" sinna munema	ehitatakse sülemlemisperioodil alati igaks-juhuks valmis	a
Kui emakupp või mitu kuppu asuvad haudmeväljal, siis tõenäoliselt on tegu..	sülemikupuga	aseemakupuga		b
Eesti pesaruumi raami mõõt?	232 x 448mm	160 x 448mm	277 x 414mm	c
Üks mesilaspere vajab päevas umbes..	200g vett	1kg vett	koguvad vett ainult siis kui vihma sajab	a
Mida peaks kasutatud taru puhul kindlasti tegema enne, kui uue mesilaspere sinna sisse kolid?	värvima taru	desinfitseerima taru	pesema lennuava	b
Lennuavad soovitatakse asetada kagusse, kuid sobivad ka teised ilmakaared peale..	lõuna	põhja	edela	b
Mesilaspere läbivaatus peaks toimuma..	kord nädalas	kord kuus	nii harva kui võimalik ja nii tihti kui vajalik	c
Mida peaks iga mesilaspere läbivaatusel alati kontollima?	otsima mesilasema	kontrollima kas peres on püstised munad	kontrollima kui palju on mett	b
Kes ehitavad üles kärjepõhjad?	noored tarumesilased	korjemesilased	lesed	a
Mida teha kui alustaval mesinikul ei ole ülesehitatud kärjepõhja uue pere laiendamiseks?	leia internetist mesinik kes annaks/müüks ülesehitatud kärgesid	laiendad kärjepõhjaga	laiendad kärjetamata tühja traaditud raamiga	b
Kuidas toimub lamavtarus pesaruumi laiendamine?	vastavalt mesilaspere arengu kiirusele, üksikute kärgede/kärjepõhjade lisamine pesaruumi keskele, et talvitunud raamid nihkuks järjest ääre poole ja oleks sügisel võimalik välja võtta	iga nädal lisan alati 3 raami	kui mesilased istuvad väljaspool otsalauda, siis on aeg lisada 1 kärg/kärjepõhi	a
Kas mesilaste pidamisel tuleb hobimesinikul lähtuda ka seadustest?	ei, enda kodus määran oma reeglid ise	kui mul on alla 15 mesilaspere, siis ei ole see nii oluline	jah - toiduseadus, loomatauditõrjeseadus, veterinaarkorralduse seadus, taimekaitseseadus ja loomakaitseseadus	c
Alates mitmest mesilasperest loetakse mesindustegevust kui kutseliseks mesinikuks?	50 mesilaspere	100 mesilaspere	150 mesilaspere	c
Kas mina hobimesinikuna (alla 15 mesilasperetohin teha müügiks erinevaid tervendavaid meesegusid?	ei tohi	tohin, aga pean täitma ka mitmeid teistsuguseid seadusega määratud erinõudeid ja dokumentatsiooni		b
Eestis on mesilaste korjemaad..	monokultuursed	segakonveier		b
Kas ma olen kohustatud teavitama veterinaarametit kui selgub, et mu mesilas levib Ameerika haudmemädanik?	kui ma nakatunud tarud kohe ära likvideerin, siis ei pea	jah, pean küll		b
Mis on meemesilase optimaalne korjemaa raadius taru juurest?	kuni 2km kui korjetingimused ei sunni kaugemale minema	500m	10km	a
Kuidas käitun kui näen, et naabri põllul on prits ja mul tekib hirm?	teen pilti, panen internetti ja ootan mis teised asjast arvavad	astun viisakalt ligi, uurin mis ainega on tegu ja kas põllul on märkimisväärselt õitsvaid taimi ning kas põllumees käitub vastavalt taimekaitseseadusele		b
Näed, et suvisel päeval teostatakse pritsimistöid alal kus leidub palju õitsevaid taimi või on oht, et tuul kannab ainet alale kus leidub õitsevaid taimi. Viisakat kommunikatsiooni tööde teostajaga ei saavutanud, kuidas käitud edasi?	tõmban mutrivõtmega ta aknasse	fikseerin võimalusel sündmuse (pildid, videod) ja helistan oma maakonna taimekaitse järelevalveametnikule		b
Mis katab mesilase keha?	keratiinkest ja karvakesed	silikoonkest ja karvakesed	kõva kitiinkest ja karvakesed	c
Mitu silma on mesilasel?	kaks liitsilma	kaks liitsilma ja kolm lihtsilma	viis liitsilma	b
Mesilase ülelõuad liiguvad närides..	külgsuunas	pikkupidi suunas		a
Mitu paari jalgu on mesilasel?	kaks paari	kolm paari	kuus paari	b
Mis on kabetamissälk?	kui mesilase lennutrajektoor on samasugune nagu kabemängus	raamide traatimiseks kasutatav seadeldis	mesilase eesjalgadel asuv poolringikujuline ning tugevate kitiinsete karvadega sälk mida mesilane kasutab tundlate puhastamiseks	c
Kuidas kannab mesilane õietolmu tarru?	meepõies	õietolmukorvikestes	suirakorvikestes	c
Mis otstarbeks on mesilasel suiraastel?	nõelamiseks	õietolmu tampimiseks kärjekannu sisse	selle abil eemaldatakse õietolmutomp suirakorvist	c
Mis on suiratangid?	tangid millega mesinik saab suira kärjest kätte	tangid millega mesilane saab suira kärjest kätte	mesilase tajalgade küljes asuv süvend mille abil pressitakse õietolm tombukeseks enne suirakorvikestesse asetamist	c
Kas lesel on olemas suirakorvikesed, et korjele minna?	jah	ei		b
Mitu paari tiibasid on mesilasel?	üks paar	kaks paari	kolm paari	b
Kui suur võib olla mesilase lennukiirus?	kuni 5km tunnis	kuni 30km tunnis	kuni 70 km tunnis	b
Esimene välislend võib toimuda..	0c	#ERROR!	#ERROR!	b
Nektarist valmistatud mesi sisaldab põhiliselt..	valku	süsivesikuid		b
Õietolm ja sellest valmistatud suir sisaldavad põhiliselt..	valku	süsisvesikuid		a
Mille abil imeb mesilane vett, õiekarikast nektarit ning kärjekannust mett?	neelunäärme abil	alahuule abil	iminoka abil	c
Miks ei ole korrektne öelda, et mesi on mesilase okse?	sest tehniliselt on mesi mesilase kaka	sest eessooles olevas meepõies ei toimu toidu seedimine, vaid nektari hoiustamine ning ventiillehter mesilase meepõie ja kesksoole vahel ei lase seedimisel olevat toitu tagasi eessoolde (nö. okset)		b
Miks vajab mesilane rikkaliku korje ajal rohkesti kärgi?	sest mesilased korjavad kõik kärjekannud ruttu mett täis	sest mesilased vajavad väikeste nektari-törtsude aurutamiseks ning hiljem mee kokku pakkimiseks palju vabu kärjekanne		b
Mis on katalaas?	mesilaste veri	mee kristalliseerumine	rektaalnäärmete eritatud (konserveerimise) ensüüm jämesooles mis takistab roiskumisprotsesside arenemist, eriti talvitumisperioodil kus mesilased ei saa puhastuslendu teha	c
Miks ei sobi mesilastele talvitumiseks rapsi- ja rüpsimesi?	läheb ruttu käärima	kristalliseerub ruttu	on mürgine	b
Miks ei sobi mesilastele talvitumiseks kanarbikumesi?	kristalliseerub ruttu	on mesilastele mürgine c)sisaldab palju mineraalaineid mis takistavad seedejäätmete konserveerumist ja vee imendumist pärasooles	sisaldab palju mineraalaineid mis takistavad seedejäätmete konserveerumist ja vee imendumist pärasooles	c
Miks ei sobi mesilastele talvitumiseks lehemesi?	kristalliseerub ruttu	võib põhjustada kõhulahtisust ning kõrge soolade sisaldus vähendab vee imendumist tagasooles	läheb käärima	b
Mesilaste veri on nõrgalt kollaka värvusega ja nimetatakse..	partenogeneesiks	melanoosiks	hemolümfiks	c
Kus asuvad mesilase hingamisavad?	kõhu all	suuava juures	kahel pool rindmikul ja tagakehal	c
Kus asuvad mesilase vahanäärmed?	mesilase peas	rindmikus, lihaste vahel	tagakeha 3-6 kõhulooke siseküljel	c
Miks mesilane sureb peale nõelamist?	sest iga mesilane saab oma elus vaid ühe korra nõelata	sest tal saab mürk otsa	sest inimest või looma nõelates ei saa ta astla kidade tõttu pisteharjaseid tagasi välja tõmmata ning astel rebeneb mesilase tagakehast lahti	c
Mesilaste värvitaju?	ei näe värve	näevad kõiki värve	eristavad oranži, kollast, rohelist, sinist ja inimsilmale nähtamatut ultraviolettkiirte kolme piirkonda	c
Mesilaste helitaju?	puuduvad spetsiaased kuulmisorganid	kuulmine toimub läbi Malpighi soonte		a
Mesilasmürgi lõhn..	rahustab mesilaspere ja suurendab nende turvatunnet	suurendab pere kaitsmise aktiivsust ja kutsub esile mesilaste agressiivsust		b
Kuidas mesilased pimedas tarus näevad "tööd" teha?	kompimise, haistmise ja kuulmise järgi	mesilased näevad pimedas väga hästi		a
Millal toimub mesilasema paarumislend?	5-10 päeva vanuselt, sooja ja päikesepaistelise ilmaga, vähemalt 10m kõrgusel õhus	16 päeva vanuselt, sooja ja päikesepaistelise ilmaga, vähemalt 10m kõrgusel õhus	5-10 päeva vanuselt, sooja ja päikesepaistelise ilmaga, tavaliselt veekogu kohal	a
Mitme päeva möödudes peale paarumislendu alustab mesilasema munemist?	1 päeva	3-5 päeva	12 päeva	b
Millest oleneb, kas mesilasema muneb töölismesilase või lese muna? see on looduse poolt seatud loterii bkärjekannu ehitusest millest olenevalt mesilasema seemnepaun saab närviimpulsi (viljastatud munavõi mitte (viljastamata muna)	see on looduse poolt seatud loterii	kärjekannu ehitusest millest olenevalt mesilasema seemnepaun saab närviimpulsi (viljastatud muna) või mitte (viljastamata muna)		b
Üks mesilasema suudab ööpäevas muneda umbes..	1000 muna	2500 muna 3) 5000 muna		b
Millal toimub mesilasperes "uuenemisperiood?"	septembris-oktoobris	1-1,5 kuu vältel peale puhastuslendu kevadel	jaanipäeval	b
Kui korralikus suuruses mesilaspere ei taha suve algul kärjepõhjasid üles ehitada, võib see olla märk...	et sel aastal tuleb kehva korjega suvi	mesilaspere röövitakse teise pere poolt	mesilasperel võib olla sülemlemismeeleolu	c
Mis on lehemesi ehk mesikaste?	mesi mille nektar on kogutud õitsevatelt laialehelistelt puudelt ja taimedelt	mesi mis on valmistatud inimestele mürgisest nektarist	magus kleepuv vedelik mis paikneb puude ja põõsaste lehtedel ning jaguneb tekke järgi taimseks ja loomseks mesikasteks	c
Kumb on õige?	korjemesilased paigutavad kogutud nektari ise vabadesse kärjekannudesse	korjemesilased annavad kogutud nektari üle tarumesilastele kes paigutavad nektari vabadesse kärjekannudesse		b
Lepalt ja sarapuult korjavad mesilased varakevadel..	nektarit	õietolmu		b
Mis värvi ja maitsega on loomne mesikaste?	värvuselt tume oranž kuni punane ja maitselt lääge magus	helekollane ja hapu	rohekaspruun kuni tumepruun ja maitselt mõrkjas	c
Miks koguvad mesilased õietolmu?	et aidata taimedel tolmeldada	et valmistada mesilaspere arenguks hädavajalikku suira		b
Kuidas konserveerivad mesilased suira nii, et see riknema ei hakka?	suirakannud kaetakse antibakteriaalse taruvaiguga	suirakannud kaetakse pealt meega		b
Kumb on õige?	valmimisjärgus suirakannud on pealt tuhmid, konserveeritud suir läigib	valmimisjärgus suirakannud läigivad, konserveeritud suir on pealt tuhm		b
Selle algaine kogutakse kase, papli, haava, paju jt taimede pungadelt, tuuakse tarru suirakorvikestes ning sellest valmistatakse..	suira	lehemett	taruvaiku	c
Mesilased kasutavad "seda" kärjekannude puhastamiseks ja desinfitseerimiseks, pragude täitmiseks, lennuava kitsendamiseks ja tarru sattunud kahjurite palsameerimiseks.	vesi	okkamesi	taruvaik	c
Elatuskorje on..	korjeperiood kus mesilaspere kogub oma põhilise meetagavara	korjevaene periood kus mesilased kasutavad kogutud nektari kogu ulatuses ära haudme ja täiskasvanud mesilaste toitmiseks		b
Produktiiv- ja peakorje alguse tunnuseks on kui tarukaal hakkab tõusma..	üle 2kg ööpäevas	üle 5kg ööpäevas	üle 0,5kg ööpäevas	a
Kui ilusa ilmaga suveõhtul kostab lendlast tugevat suminat siis..	mesilased on ärritunud seisundis	mesilased valmistuvad järgmisel päeval sülemlema	mesilased aurutavad nektarist vett välja st. toodavad mett	c
Paju, vaher, võilill ja paakspuu on..	Eesti looduse olulised kevadised meetaimed	Eesti looduse olulised sügisesed õietolmutaimed		a
Metsvaarikas, valge ristik ja põdrakanep on..	Eesti looduse olulised sügisesed õietolmutaimed	Eesti looduse olulised sügisesed meetaimed	Eesti looduse olulised suvised peakorjetaimed	c
Sügistest meetaimedest omab korje seisukohalt tähtsust..	kuldvits	põdrakanep	kanarbik	c
Ussikeel, keerispea ja valge mesikas on..	väga hea nektariproduktiivsusega taimed	väga nõrga meeproduktiivsusega taimed		a
Juuli kuu, ilm on terve nädala olnud näitajatega õhk +30c, tuulevaikne, otsepäike ja 0ml sademeid, peakorje taimed õitsevad. Kas nektarisaagikus on pigem tugev või nõrk?	ilm soosib head korjet	mesilased võivad käia õitel, kuid taimed ei erita nektarit kuiva ja palava ilma tõttu		b
Nektari suhkrusisaldus on 8-70%. Mis juhtub, kui kuiva õhu tagajärjel õitel olevates nektaritilgakestes vesi välja aurustub ning nektarinäärmetesse jäävad alles suhkrukristallid, st. suhkrusisaldus on üle 75%?	mesilane lahustab oma süljega kristallikese	mesilased sellist nektarit koguda ei saa		b
Nektari suhkrusisaldus on 8-70%. Mis juhtub, kui õues on pikemat aega niiske või vihmane ilm olnud mille tulemusel nektari suhkrusisaldus lahjeneb alla 4,25%?	sellisest nektarist toodetud meel on vesine maitse	mesilased sellist nektarit koguda ei taha		b
Tolmeldamisteenuse (mesilaspered viiakse spetsiaalselt tolmeldatava kultuuri lähedusseeest maksab..	mesinik (jätab ka mee endale)	tolmeldatava kultuuri omanik		b
Kui ma mesilaspere õigel ajal ei laienda, siis..	ma pidurdan mesilaspere arengut ning mesilaspere lahendab olukorra mesiniku jaoks ebasoodsal viisil	ma pidurdan mesilaspere arengut, kuid hooaja lõpuks on mul sama tugev pere alles		a
Lamavtaru ostes/ehitades peaksin tänapäeval kindlasti eelistama..	et taru on värvitud kvaliteetsete värvidega	et taru katusematerjal ei oleks plekk	et taru konstruktsioon võimaldab laiendada rohkem magasine kui seda vanasti vaja oli, sest mesilaspered on muutunud võimekamateks	c
Mesilaspere haigestumise korral neile efektiivset ravi pakkudes saan..	päästa juba haiged mesilased ja haige haudme	päästa mesilaspere		b
Kui hukkunud haue kleepub kärjekannu seina külge, siis mesilased..	tassivad selle tarust välja	üritavad katta taruvaigukihiga		b
Kui hukkunud haue ei kleepu kärjekannu seina külge, siis mesilased..	tassivad selle tarust välja	üritavad katta taruvaigukihiga		a
Kui on haigestunud kaanetatud haue, siis..	mesilased närivad haudmekannu kaanetisse augud, et surnud haue võimalusel välja tassida	mesilased hülgavad haigestunud haudmega kärje		a
Mesilaspere haigused on alati nakkushaigused st. pole kunagi tingitud mesiniku mesindusvõtetest ja mesilaste pidamistingimustest. Kas see väide on õige või väär?	õige	väär		b
Ma olen kaanetamata haudme haigus. Vaglad kaotavad oma läike ja muutuvad kollaseks, hiljem tumedaks. Hukkunud vaglad ei kuiva kärjekannu külge kinni ja mesilased tassivad neid võimalusel ise tarust välja. Tarus on tunda hapukat riknenud liha lõhna. Haigust kannavad edasi noored tarumesilased kes toidavad vaklu. Mis ma olen?	Ameerika haudmemädanik (AHM)	Euroopa haudmemädanik (EHM)	Kotthaue	b
Ma olen kaanetatud haudme haigus. Vaglad värvuvad kohvipruuniks, hakkavad venima ning kuivavad kärjekannu seina külge kinni. Kaanetis langeb sisse, tarus on tunda halba lõhna. Minu eosed säilivad elujõulisena kümneid aastaid nii mees, suiras kui ka vahas. Olen väga nakkuslik ja ohtlik kogu mesilale.	kivihaue ehk aspergilloos	Ameerika haudmemädanik (AHM)	amöbiaas	b
Ma olen kaanetatud kui ka kaanetamata haudme haigus. Vagel muutub valgeks muumiaks, hiljem tumedaks ning kattub vatitaolise seeneniidistikuga. Vaglad on nagu kriiditükikesed ja kärjekannudest kergesti eemaldatavad	akarapidoos	brauloos ehk mesilastäi	lubihaue ehk askosferoos	c
Minu seened arenevad kärjekannudes meega katmata (konserveerimatasuiral. Algul on suir kaetud valkja kirmega, kevadeks muutub suir kõvaks, värvub valkjaks või hallikasroheliseks ning muutub mesilastele kasutamiskõlbmatuks. Kes ma olen?	suiral. Algul on suir kaetud valkja kirmega, kevadeks muutub suir kõvaks, värvub valkjaks või hallikasroheliseks ning muutub mesilastele kasutamiskõlbmatuks. Kes ma olen? käärinud suir	suirahallitus		b
Ma olen mesilase välisparasiit ja toitun mesilase hemolümfist. Elan talvel mesilase kõhuloogete vahel ning haudmetegevuse algusega suundun haudmekannudesse paljunema, suvel on mind näha ka mesilase seljas. Kannan edasi mitmeid viiruseid ning olen üheks peamiseks põhjuseks mesilasperede hukkumisel. Minu vastu ei ole 100% tõrjet, kuid mesinikud peaks kasutama erinevaid võtteid, et minu levikut ohjata. Kes ma olen?	brauloos ehk mesilastäi	lest Varroa destructor ehk varroatoos	raamatuskorpion	b
Olen nähtus mis on hakanud levima viimastel aastatel, augustist oktoobrini, kuid mulle puudub täpne seletus. Põhjuseks on ilmselt mitmete tegurite koosmõju sh. varroatoos. Mesilased võtavad enamiku sügisesest täiendussöödast vastu, paigutavad kärgedesse ja on seejärel lihtsalt kadunud. Kuidas mind nimetatakse?	sügisene sülemlemine	kollaps	salajane emadevahetus	b
Peres on vähe mesilasi ja korje on napp, näed, et mesilased hakkavad vaklu tarust välja tassima. Mis võib olla sellise käitumise põhjuseks?	varroatoos	nälg	sooleummistus ehk maihaigus	b
Miks ei vurritata üldiselt kaanetamata mett?	sest see tähendab, et mesilastel pole veel piisavalt tagavarasid	mesilased pole meele ensüüme jõudnud lisada	vee sisaldus mees on veel ilmselt liiga suur	c
Kas mesilasi tohib meekärjelt eemaldada neid raamilt tagasi tarru raputades?	ei	jah		b
Kas kinnise haudmega raami tohib raputada, et mesilasi eemaldada?	jah	ei tohi, sest varajases staadiumis kaanetatud haue on õrn ja võib hukkuda		b
Kas mett tohib säilitada tsingist, vasest, rauast ja alumiinimust nõudes?	jah	ei		b
Mida tähendab "mee selitamine?"	kristalliseerunud mee sulatamine talvel	vurritatud mee laskmine läbi meesõela	mitmepäevane protsess kus vurritatud meel lastakse seista, et viimased läbi meesõela pääsenud võõrkehad tõuseks mee pinnale	c
Mesilaste sügisese täiendussööda andmine võiks lõppeda augustikuu lõpuks, sest..	siis saab mesinik hooaja ruttu lõppenuks lugeda	sest sügisesed ilmad võivad raskendada mesilaste söötmist	sest nii ei koorma talvituma minevad mesilased end talvesööda ümbertöötlemise tööga	c
Kui tumedad kärjed on kõige ökonoomsem ning mesilasemale meelepäraseim talvepessa jätta?	kõige värskemad, heledad meekärjed	keskmise tumedusega kärjed	eelmise hooaja talvitunud kärjed	b
Miks peab mesilaspere talvepessa jätma suiraraame?	juhul kui mesilasema hakkab talvel munema	mesilased tarbivad talvesöödana ka suira	et kevadel oleks esimesel haudmel söödavaru olemas ajaks kui väliskorjele veel ei pääse	c
Peale sügist pesaruumi koondamist ja meeraamide eemaldust on tarus mesilasi rohkem kui sel hetkel raamidele mahub. Kas selline vaatepilt on normaalne?	jah	ei		a
Miks ei tasu sügisel meevõtmise päeval hoida taru avatuna kauem kui vajalik; hoida kärjekandekasti ning meeruumi lligipääsetavana ning jätta meega määrdunud inventari ripakile?	see meelitab herilasi ründama mesilasperesid	see soosib mesilasperedevahelist vargust korjevaesel ajal		b
On augustikuu lõpp, oled mõni päev tagasi alustanud mesilasperede koondamist ja lisasöötmist. Märkad taru juures tihedat lendlust, mõned mesilased otsivad taru väliseintelt võimalikku sissepääsu ning lennulaual on näha närvilisi mesilasi. Millega võib olla tegu?	mesilased leidsid kanarbikukorje	mesilased on stressis äravõetud mee pärast	mesilaspered proovivad röövida üksteist	c
Kas mesilasperedevaheline röövimine võib lõppeda ka pere hävinguga?	jah	ei		a
Millal võiks taru lennuava kitsendada minimaalseks?	peakorje ajal	talvel	sügisese meevõtu ja pesaruumi koondamise ajal	c
Kas on ohtlik jätta mesine inventar või tühjaks vurritatud kärjed õue mesilastele puhastamiseks?	ei ole, seda praktiseerivad paljud mesinikud	on ohtlik, sest lisaks vargustungi soosimisele lihtsustab see haiguste levikut		b
Kas tühjaks vurritatud kärjed võib panna tarru mesilastele "limpsimiseks" samal päeval kui alustada täiendussööda andmist?	jah	ei		b
Millise seadme abil on taru juures lihtne ja mugav kontrollida mee valmidust st. mee niiskusesisalduse taset?	konduktomeeter	refraktomeeter		b
Milline on toiduseaduse maksimaalne lubatud niiskusetase mees? (v.a kanarbikumesi)	18%	19%	20%	c
Kas hobimesinik peab mett müües kasutama toote etiketti mis vastab toiduseaduse mee märgistamise nõuetele?	nõu kehtib mesilatele kus on 15+ mesilaspere	jah, peab küll		b
Mille tõttu kärjed vananevad?	vaha muutub ajapikku rabedaks	haudmetegevuse tõttu	suira jääkide tõttu	b
Kas vanade ja väga tumedate kärgede kasutamine mõjutab ka uue haudme kvaliteeti?	ei mõjuta, küsimus on lihtsalt sanitaarsues	jah mõjutab, sest haudmekannude maht väheneb kogunenud vaklade väljaheidete ning vaklade ja nukkude kestade tõttu		b
Mida rohkem koorunud põlvkondi ühel haudmekärjel on olnud, seda . . . on kärje värvus.	tumedam	heledam		a
Mida teha kärgedega kus on palju lesekanne, hiirte või kärjekoi poolt kahjustusi või sisaldab hallitunud suira?	kasutada kompostiks	taaskäidelda st. sulatada puhtaks vahaks		b
Kuidas nimetatakse veest ja suhkrust valmistatud mesilaste talvesööta?	suhkrulahu	suhkrusiirup		a
Mis on invertsiirupi eelised suhkrulahu ees?	hind	lihtne kasutada, mitmeküllasem toiteväärtus, ei rikne ega põhjusta vargustungi	lihtne valmistada	b
Millal on peamine aeg kus mesindusest lugupidav mesinik kindlasti tegeleb varroalesta tõrjega?	kevadel kui algab haudmetegevus	suvel peakorje ajal kui mesilasperes on hauet vähem	sügisel peale mesilasperede koondamist	c
Ööpäevas taru põhjale kukkunud 1 lest tähendab umbes..	10 lesta mesilasperes	30-50 lesta mesilasperes	130-150 lesta mesilasperes	c
Sa ei jõudnud langenud lesta loendada, kas peaksid siiski mesilasperele lestatõrjet tegema?	jah, sest lestavabasid mesilasperesid ei ole	kuna ma lesta ise ei näinud, siis ei pea		a
Miks on orgaanilised happed nagu oblik- ja sipelghape hea valik lesta tõrjumiseks?	mesinikul on neid lihtne ja ohutu käsitleda	need happed esinevad ka mee koostises ja ei jäta mesindussaadustesse kahjulikke jääkaineid		b
Kas oblikhappe aur mõjub haudmekaanetise all olevatele varroalestadele?	jah	ei		b
Mis on optimaalne välistemperatuur, mille juures hakkab mesilaste lennutegevus sügisel lõppema?	10-15c	alla 10c	alates 0c	b
Kuhu moodustub mesilaste talvekobar?	pesaruumi raamide peale, liikudes suunaga alla	pesaruumi raamide alla keskele, liikudes suunaga üles	pesaruumi raamide alla keskele, liikudes külgedelt üle teiste raamide edasi-tagasi suunaga üles	b
Kas mesilaspere sügisene "kollaps" loetakse talvekahjude hulka?	jah	ei, sest mesilaspere ei läinud talvituma		b
Mis juhtub kui mesilaste talvekobar jõuab kärgede ülaservani, söödavaru on nendelt kärgedelt ära tarbitud ning madalad välistemperatuurid püsivad?	mesilased liiguvad pesa äärtes olevatele kärgedele kus leidub veel talvesööta	mesilased lendavad tarust välja ja hukkuvad	mesilased surevad nälga	c
Igas talvepesa kärjes peaks olema vähemalt..	1kg sööta	2kg sööta 3) 5 kg sööta		b
Ebamäärane, mitteühtlane sumin ja üksikute mesilaste pirinad annavad märku, et..	talvitumine on häiritud	talvitumine on normaalne		a
Talvituma võiks minna vähemalt..	4-5 raamil mesilaspere	6-7 raamil mesilaspere	12 raamil mesilaspere	b
Ajavahemikul september kuni mai 1. pool on mesilaste kõige suurem söödavajadus..	detsembris ja jaanuaris	septembris ja mai 1.poolel		b
Kas hiired on suutelised talvel läbi piiramata lennuava tungima tarru?	jah	ei		a
Kas nugised on suutelised läbi puidust või penoplastist taru närima?	ei	jah		b
Kas linnud võivad talvituvat mesilaspere kuidagi häirida?	ei	jah		b
Kumb ilm on mesilaste rahulikku talvitumist pigem soosiv?	ühtlaselt külm ja paksu lumega rahulik talv	talv kus temperatuur on vaheldumisi soe ja seejärel väga külm		a
Milline taru sisekliima on mesilaste talvitumisele halb?	külm	niiske		b
Kuidas oleks õige viis talvel kontrollida, kas mesilaspere on elus?	avada taru ja teha kiirläbivaatus	kuulata stetoskoobi või vooliku abil mesilaspere suminat		b
Mis on lihtsaim ja kiireim viis aidata külmal ajal mesilaspere kellel on oht näljale?	invertsiirup	kristalliseerunud meega kärg asetada laiupidi pesaruumi raamide peale	pudersööt ehk kandi	c
Millal oleks õige aeg tegeleda kasutatud raamide desinfitseerimisega, mittekõlbulike kärgede sulatamisega ning uute raamide ettevalmistusega (liistude kokkulöömine ja traatimine)?	sügisel-talvel	kevadel	suvel	a
Mis on vaha sulamistemperatuur?	50-55c	60-65c	58-63c	b
Vaha steriliseeritakse 120c 1,5 atmosfäärise rõhu all vähemalt 30min. Kas steriliseerimata vaha võib kanda edasi haigustekitajaid nagu nt. Ameerika haudmemädanik?	ei, vaha tavalisest sulatusest piisab	jah, võib küll	võib, aga hea tuttava mesiniku antud kärjed on ohutud	b
Kas vaha sulatamisel võib kasutada nõusid mis on emailist, roostevabast materjalist või alumiiniumist?	jah	ei		a
Mis juhtub kui vaha sulatada nõudes mis on valmistatud vasest, rauast, malmist või tsingist?	midagi ei juhtu, need materjalid sobivad kasutamiseks	vaha ei hangu enam ära	pikaajaliselt kuumutamisel värvub vaha teist värvi	c
Kas 100g tühjaks vurritatud kärge annab sulatamisel sama koguse vaha?	jah	ei		b
Vahasisaldus on kõrgem..	tumedates kärgedes	heledates kärgedes		b
Mis on vee emulsioon vahas?	kui sulatatavas kärjes on palju mett ja suira, siis need seovad vahas vee, mille tulemusena muutub vaha küll heledamaks ja raskemaks, kuid vähemkvaliteetseks	kui vaha töödeldakse kareda veega, tekib emulsioon mis sadestub vahaketta alumisele poolele, kuid mida saab eemaldada kraapides		a
Mis on vaha emulsioon vees?	kui sulatatavas kärjes on palju mett ja suira, siis need seovad vahas vee, mille tulemusena muutub vaha küll heledamaks ja raskemaks, kuid vähemkvaliteetseks	kui vaha töödeldakse kareda veega, tekib emulsioon mis sadestub vahaketta alumisele poolele, kuid mida saab eemaldada kraapides		b
Kuidas ja kas on võimalik vältida emulsioonide (vee emulsioon&vaha emulsioonteket vaha sulatamisel?	seda oskab ainult vahameister kellel on vastav atribuutika	sulatamisel kasutada pestud (või mesilaste puhastatud) vaha toormassi ning kareda vee asemel vihmavett		b
Kas kärjehoidla on pidulaud hiirele?	jah	ei		a
Kes võib suveperioodil kahjustada kärgesid?	pääsusaba	kõrvahark	vahaleedik	c
Kas väikeses mesilas saaks vaha sulatada marjaaurutajaga?	jah	ei		a
Mis juhtub kui vaha sulatamise protsessis lasta vahal minna keema?	vaha ei hangu enam ära st. on rikutud	vaha muudab värvi	vaha hakkab vahutama ja võib muutuda plahvatusohtlikuks	c
Kui väikeses mesilas puudub inventar, et seebikivilahuses kasutatud raame desinfitseerida, siis alternatiivseks desinfitseerimise võimaluseks on..	kareda svammi ja Fairyga pesemine	kraabitud raamide talvel külma kätte jätmine	kraabitud raamide põletamine leeklambiga	c
Desinfitseeriv efekt leeklambiga põletades tekib siis, kui..	suure leegiga väga kiiresti raamid või taru pesaruum üle käia	taru pesaruumi või raame kuumutada kuni puit värvub helepruuniks ja taruvaik ning vahajäägid lähevad keema	madala leegiga kuumutada senikaua kuni puidust pind hakkab kergelt söestuma	b
Kui tarus ja kärgedel on näha röövikuid, kookoneid, tihedat võrku ja käiguteid läbi kärgede, siis tõenäoliselt..	on tegu kärjeleediku vastsetega	on tegu varroa lestaga	on tegu haudmemädanikuga	a
Miks on pesaruumi puhastades oluline pühkida kõik taru nurgad ja praod vahast, langetisest jms sodist puhtaks?	nurkades olev põhjasodi on hea keskkond kuhu erinevad kahjurid munevad ja paljunevad	nurkades olev põhjasodi meelitab hiiri tungima tarru	nurkades olev põhjasodi on varroalestale meelepärane elukoht	a
Kes on see sõrataoliste jalgadega ämblikulaadne kes tarus toitub väikestest putukatest, kärjekoi noortest röövikutest ning lestadest kes elutsevad taru põhjalangetises?	harilik nahanäkk	raamatuskorpion	väike tarumardikas	b
Kuigi kõik tarru sattuvad kahjurid ei ole otseseks ohuks mesilasperele, siis nende kaudne oht on..	haiguste levitamine mesilasperede vahel	tarude oluline rikkumine	hiirte ja lindude meelitamine lennuava juurde	a
Herilaste toiduks mesilas on..	kaanetamata haue ning nektar	lennumesilased ja mesi	tarumesilased ja suir	b
Milline väide on õige?	peale mesilase kinni püüdmist surmab herilane ta nõelapiste või tugevate suistega ning söödab oma vaklu mesilase keha peeneks mälutud massiga	peale lennumesilase kinni püüdmist surmab herilane ta nõelapistega ning tarbib tema meepõide kogunenud nektarit	herilane surmab mesilase ainult selleks, et pääseda tarru ning tarbida sealset hauet	a
Kus ja kes herilastest talvitub?	talvitub terve pere, puu- või müüripragudes	talvituvad ainult paarunud emad, puu- või müüripragudes	talvitub ainult haue, maapinna sees või urus	b
Kas mesilastaru lähedal olev arukuklase (metsakuklasepesa võib tekitada mesilasperele probleeme?	jah, sipelgad võivad alustada mesilaspere ründamist	ei, sipelgad ei huvitu mesilasperedest	jah, mesilaspere võib alustada sipelgate pesakuhila ründamist	a
Eesti on üks sipelgarikkaim riik Euroopas. Mida tohib mesinik teha kui looduskaitse all olevad kuklased asuvad mesilasse elama ning hakkavad segama inimeste ja mesilaste elu?	mürgitada	pritsida veega	esitada keskkonnaametile taotlus kuklaste pesa ümberasustamiseks ning loa saades transportida pesa nt nummerdatud prügikottides (et pesa kihid oleks õiges jrk) uude kohta	c
Hall-kärbsenäpp, hallõgija ja punaselg-õgija on..	putuktoidulised rändlinnud kes suvel püüavad ka mesilasi	putuktoidulised linnud kes häirivad mesilaspere talverahu		a
Rasvatihane..	koputab igavusest mesilastarude katustele, kuid häirib sellega mesilaspere talvitumist	koputab mesilastaru eesseinale, et lennuavasse tulnud mesilasi ära süüa ning häirib sellega ka mesilaspere talvitumist		b
Kuidas kaitsta taru suur-kirjurähni, musträhni ning nugise "puurimise" eest?	viin tarud talveks sooja keldrisse	katan lennuava piirkonna kuuseokstega	katan tarud metallvõrgu/puuriga	c
Mis juhtub mesilastega keda talvitumisel pidevalt häiritakse?	kevadel sülemlevad esimesel võimalusel	hakkavad talvel tarust välja lendama ning hukkuvad külma käes	tarvitavad rohkem sööta mille tulemusel täitub nende pärasool liiga kiiresti mis omakorda võib viia tarru roojamiseni	c
Mis võib olla põhjuseks, miks talvel tarru pugenud hiir sealt enam lahkuda ei saa?	mesilased on ärrituse tulemusel lennuava kitsamaks kittinud	mesilased hoiavad hiirt nurgas lõksus	hiir on end paksuks söönud ja ei mahu enam lennuavast välja	c
Kas kärjehoidlas hiirte näritud kärge võiks uuesti mesilastele anda?	jah, võib, mesilased parandavad kõik ära	mesilased ei salli hiirte lõhna ja võivad seetõttu kärje asustamata jätta		b
Karu rüüstab mesilaid peamiselt..	suvel	talvel	kevadel või sügisel	c
Kevadel himustab karu mesilastarust..	süsivesikute rikast mett	valgurikast hauet		b
Sügisel himustab karu mesilastarust..	vaha	mett		b
Kui karu on korra mesilas käinud, siis..	hirmust inimeste vastu ta tavaliselt teist korda ei julge enam tulla	tavaliselt jätkab ta tarude ründamist		b
Miks on mesilasperel oluline leida kevadel vett?	neil on suur janu peale pikka talvitumist	nad tahavad lahustada kristalliseerunud talvesööta	alanud on haudmetegevus ning vett on vaja haudme toitmiseks	c
Millise ilmaga võiks kevadel pearevisjoni teha, et ei jahutaks pesaruumi liigselt maha ning ei koormaks mesilasi selle uuesti soojendamisega?	päikeseline ja vähemalt +5c	päikeseline ja vähemalt +10c	päikeseline ja +14-15c	c
Millal toimub mesilaste puhastuslend?	üldjuhul märtsi lõpus/aprilli alguses kui on päikesepaisteline ja tuulevaikne ning +10c	üldjuhul detsembri lõpus/jaanuari alguses kui on lumevaene talv	kui ilm on pikemat aega peamiselt jahe, siis juhtub see alles mai lõpus	a
Puhastuslend kestab umbes..	1-2 päeva	10 minutit	1 tund	c
Kui mesinik on puhastuslennu ajal mesilas, siis ta.. võiks puhastuslennu ajaks avada lennuavad täies ulatuses (hiljem uuesti kitsendada)	võiks puhastuslennu ajaks avada lennuavad täies ulatuses (hiljem uuesti kitsendadning jälgida mesilaste lennuaktiivsust	avada tarude katused, et mesilastel oleks vabam liikumine ning jälgida mesilaste lennuaktiivsust	viia pesu õue nöörile kuivama	a
Kas puhastuslennu ajal elus olev mesilaspere on kindlasti "õnnestunud talvitumisega" pere kes enam lähiajal ei hukku?	jah, sest pere saab peale puhastuslendu arenguhoo sisse	ei, sest perel võib olla mõni haigus (nt nosematoos, amöbiaas) mille tõttu ta veel mai alguseks hukkub		b
Kas puhastuslennu ajal roojaplekkidest määrdunud taru esisein, lennulaud ja taru sisemus peaks mesiniku valvsust tõstma?	ei, tegu on "maihaigusega" ning mesilased saavad sellega ise hakkama	jah ning puhastuslennule järgnevatel päevadel võiks teha mesilasperes kiirläbivaatuse		b
Mida teha kui avastan kevadel ühe hukkunud mesilaspere?	analüüsin kärgesid ja kõikvõimalikku visuaalset infot, et teha järeldusi ka mesiniku enda eksimuste osas	puhastan taru langetisest, hoian paremad kärjed alles ning kasutan suvel taru uue idupere jaoks	kutsun alati veterinaarametniku	a
Kas talvel/kevadel hukkunud mesilaspere kärgesid võib kasutada teiste perede kevadiseks laiendamiseks?	jah, enda mesilas võin	ei või ning taru peab ka enne uuesti kasutamist ära desinfitseerima, et vältida võimalike haiguste levikut		b
Mis on "kontrollkärg?" üldnimetus ükskõik millisele haudmeala sisaldavale kärjele mida mesinik läbivaatuse ajal kontrollib bkaanetamata haudmega (soovitatavalt munadega)	üldnimetus ükskõik millisele haudmeala sisaldavale kärjele mida mesinik läbivaatuse ajal kontrollib	kaanetamata haudmega (soovitatavalt munadega) kärg teisest perest mis antakse mesilasperre kus kahtlustatakse ema puudumist mille tulemusena mesilased ehitavad sinna aseemakuppe		b
Kas kontrollkärg toimib kui mesilasperes on juba küürakhaue ehk väärema?	jah	ei		b
Kas kontrollkärg toimub kui mesilasema on peres alles, kuid on kaotanud oma munemisvõime?	jah	ei		b
Kevadel on haudmega kärg määrdunud roojaplekkidega või sügisel on vaja välja koondada juba talvitunud kärg kus on veel veidi hauet. Kuhu ma paigutan selle kärje, et see lähiajal ära koondada?	pesaruumi keskele	pesaruumi äärde või vahelaua taha		b
Millal on vaja pesaruumi kitsendada?	idupere tehes	kui mesilasperel on liiga palju hauet ning liiga vähe süüa	kui osa kärjetänavaid on mesilaste vähesuse tõttu tühjad või on neid seal liiga vähe	c
Kui mesilasperel on vaja taru vahetada (uude tarru kolimine või kevadine puhastus), siis..	panen uue taru paika uude sobivasse kohta ning viin mesilased vanast tarust sinna raamide kaupa või kärjekandekastis	taru taha asetan taru aluse ja sinna tõstan perega taru; tühjaks jäänud alusele panen uue puhta taru ning sinna tõstan samas järjekorras juba puhtaks kaabitud ning kontrollitud kärjed		b
Kas lamavtaru kevadise desinfitseerimise ajaks peab mesilaspere tarust välja kolima?	jah peab	ei pea; taru puhastad poole kaupa vahelaua abil, sest mesilaspere raamide arv on veel väike		b
Mis vahendit peale leeklambi veel võib inventari desinfitseerimiseks kasutada?	taruvaigupiiritus	Virkon S 2% lahus	seebivesi pihustiga pudelis	b
Kuidas toimub korpustarude kevadine puhastus ning laiendamine?	puhastama ei pea midagi, korje saabudes tuleb hakata torni laduma	põhjad vahetatakse desinfitseeritud puhaste põhjade vastu ning talvitunud kärgedega korpus jäetakse suve lõpuni alla	põhjad vahetatakse desinfitseeritud puhaste põhjade vastu ning talvitunud kärgedega korpust laiendatakse ülespoole, et see hiljem meekärgedena ära koondada	c
Kevadisel puhastamisel konkspeitliga tarust kraabitud sodi ning langetise..	loobin taru kõrvale maha	panen põõsaste alla kompostiks	põletan ära	c
Mesilaspere kevadisel laiendamisel lähtun eelkõige..	enda soovist juhtida mesilaspere arengut	ilmast	pere arenguvõimest	c
Miks on kevadel esimesi mesilaspere laiendusi parem teha juba ülesehitatud kärgedega?	et oleks võimalik saada pajumett	et talvitunud mesilased saaks hoida rohkem energiat uuenemisperioodi läbi viimisele mitte kärje ehitamisele ning nii on ka mesilasemale munemisruum kohe olemas		b
Mis võib juhtuda kui raamide kärjetamisel on traat jäänud vahast välja, nähtavale?	mesilased ei taha sellist kärge üles ehitada	mesilasema ei pruugi muneda nendesse kärjekannudesse kus traat on nähtaval		b
Mesindust õppides on oluline..	küsida pidevalt milliseid võtteid ja tehnikaid teised mesinikud kasutavad ning neid jäljendada	olla kursis kuidas toimub mesindamine teistes riikides ja võtta sealt eeskuju	õppida selgeks mesilaspere bioloogia põhiteadmised ning tänu neile teadmistele osata taru juures suurt näha tervet pilti ning teha otsuseid mis sobivad just sinu mesilasperedele	c
Mida tähendab partenogenees?	viljastatud munarakkude arenemine (töölisemesilased)	viljastamata munarakkude arenemine ehk neitsisigimine (lesed)		b
Mida tähendab günandromorfism mesinduses?	munema hakanud töömesilased	ensüüm mis näitab mee bioloogilist aktiivsust	kui ühel isendil esinevad nii lese kui töömesilase tunnused (töömesilase suurus ja lese välimus; väliselt ülekaalus töömesilase tunnused koos üksikud elundid on nagu lesel jne) - võib tekkida kui muna arenemise perioodil on temp. normaalsest madalam	c
Kas mesilased oskavad eristada õisi?	ei, nad orienteeruvad ainult piirkondliku korjerikkuse järgi	jah, ning nad teevad seda väga täpselt - õite kroonlehtede arvu järgi		b
Tööliskannude ja lesekannude vahel on tühjad haudmeta kannud.	mesilasema munemisvõime on nõrgenemas	ülemineku - e. vahekannudesse paigutatakse ainult mett ja nektarit	mesilased on ehitanud praaki	b
Mis on "mesilaste tants?"	kui mõni mesilane on leidnud hea saagiallika, siis lööb ta tarus rõõmsalt uhkeldades tantsu	kui mõni mesilane on leidnud hea saagiallika, siis vibavtantsu või ringtantsu abil antakse asukoha info edasi ka teistele mesilastele	tants mida mesinik tantsib kui mesilased avastasid selle väikese jupi lahtijäetud mesindusülikonna lukku	b
Mida tähendab mesinduses "tarupeegel?"	tuleb ütlusest, et "mesilased on oma mesiniku peegel"	varre otsas peegel millega on võimalik raamide alla vaadata	lennuava ees maas olev plaat mille abil saab jälgida, mida mesilased tarust välja tassivad	c
Korpustarus asub mesilasema..	meekorpuses	pesakorpuses	emakorpuses	b
Farrari raami mõõt?	448x160mm	448x232mm	414x277mm	a
Langstrothi raami mõõt?	448x160mm	448x232mm	414x277mm	b
Mis on plastraam?	traaditud raam mille liistud on valmistatud plastikust	plastmassist raam ja kärjepõhi mis kaetakse õhukese vahakihiga		b
Mis on vaheliistu, hoffmani õla ning klotsi eesmärk?	lihtsalt visuaalne eripära	raamivahe/kärjetänava laiuse õige fikseerimine		b
Mida nimetatakse paarumistaruks?	paarumispere kus on kõrge lese populatsioon	väike spetsiaaltaru koos peotäie tarumesilastega mida kasutatakse ainult mesilasema paarumiseks		b
Näed laadal mesiniku müügiletti ning tal on laua kõrval läbipaistva klaasi ning luukidega kast kus on mesilased sees. Tahad näidata, et sa oled ka päris tark mees ja ütled naisele:	Näe, see on spetsiaalne kärjemee tootmise taru!	Näe, see on see austraallaste FlowHive!	Näe, vahva vaatlustaru!	c
Kas mahemesinduses tohib kasutada penotaru?	jah	ei		b
Oled avastanud, et üks mesilaspere on haige. Kas samade töövahenditega (konkspeitel, taruhari, kindad..teiste mesilasperede ülevaatuste jätkamine on kõrgendatud riskiga?	ei ole, sest haigustekitajad niimodi ei levi	on küll - enne jätkamist peaksin töövahendid desinfitseerima või võtma kasutusele eraldi töövahendid		b
Mis on tarulabidas?	hüüdnimetus leskedele, sest nad kühveldavad ainult mett süüa	väike käepärane kühvel millega on mugav taru põhjast prügi eemaldada		b
Kas mesilaspere tohib transportida ning sülemit hoiustada igasuguses kärjekandekastis?	jah, kõik kastid mis mahutavad 6 raami sobivad selleks	jah, kui kastil on olemas ventilatsiooni soodustavad või traatvõrguga kaetud avad		b
Mis on tarukäru?	taru millele on rattad alla monteeritud, et oleks lihtsam seda liigutada	väike kaherattaline käru tarude ja inventari transportimiseks mesilas		b
Kui raamil on traat muutunud veidi lõdvemaks, siis..	viskan raami ära	panen uue traadi	kõigepealt proovin kärjetraadi pingutajaga	c
Kas Titovi puur, emaandmispuur ja emasaatepuur sobivad kõik uue ema andmiseks mesilasperre?	jah	ei		a
Mis on emakasvatusraam?	see on emalahutusvõrega külgedelt kaetud kast kuhu pannakse kärg ja mesilasema, et ta kindlasti uusi mesilasemasid toodaks	see on kolme liistuga raam millele on kinnitatud emakupu algmed kuhu asetatakse vageldamise teel töömesilase vaglad, eesmärgiga kasvatada mesilasemasid		b
See on plekist, traadist või plastmassist võre milles on 4,5cm laiused avad mis tagavad töömesilaste läbipääsu ja kasutatakse mesilasema isoleerimiseks.	kärjeisolaator	emalahutusvõre	kupumoor	b
Millist kasulikku infot võiks meile anda kontrolltaru kaal?	kui palju mesilasi on tarus	kui kiiresti ja palju koguneb peakorje ajal nektarit ning millisel kiirusel väheneb talvesööt		b
Kas kärgesid on võimalik sulatada päikese abil?	ei ole	on võimalik, kasutades päikese vahasulatajat		b
Vaha sulatusjäätmeid nimetatakse..	vahamets	vahaniit	vaharaba	c
Kas vanaema kruviga mahlapressi võiks kasutada kanarbikumee pressimiseks?	jah	ei		a
Milleks kasutatakse kärjekahvlit?	kärjemee mugavaks söömiseks	kärgede mugavaks tõstmiseks taru juures	meekärgedelt kaanetise eemaldamiseks	c
Miks võiks mesilasse u 3-4 aasta tagant tuua uusi mesilasemasid?	et mesilasemade aretajate tööd toetada	et vältida mesilas veresugulust mille tagajärel järeltulevad põlvkonnad nõrgenevad		b
Kas Buckfast on mesilastõug või rass?	rass	tõug		b
Kas krainid ja itaallased on mesilase rassid või tõud?	rassid	tõud		a
Euroopa meemesilane on..	apis mellifera scutellata	apis cerana	apis mellifera mellifera	c
Kas "lendpere" on tõhus meetod sülemlemise meeleolu taltsutamiseks?	jah	ei		a
Kas idu- ehk võrsikpere on tõhus meetod sülemlemise meeleolu taltsutamiseks?	jah	ei		b
Kas nõrga ventilatsiooni ja kuumade ilmade tõttu võib vaha plastilisus väheneda ning mesi hakata kannudest välja voolama, olles ka ohuks mesilasperele?	see ei ole võimalik	see on võimalik		b
Kas 2020a seisuga on Eesti mesinduses leitud väikest tarumardikat?	jah	ei		b
Kui ma ei suuda tuvastada mesilaspere haigust, kas ma saan saata proovi veterinaarlaborisse?	eestis seda võimalust veel ei ole	saab - prooviks sobib tikutopsitäis mesilasi, haudmehaiguste korral 10x10cm hauet ning haudmemädanikku saab tuvastada ka mee kaudu		b
Millal on pesaruumi soojustamine olulisem?	talvel, et mesilased ei külmetaks	kevadel kui ilmad on veel jahedad, aga mesilasperes toimub haudmetegevus		b
Millisel juhul tohib öelda, et tegu on monofloorse meega?	sisaldab 100% ühe taime õietolmuteri	sisaldab vähemalt 70% ühe taime õietolmuteri	sisaldab vähemalt 50% ühe taime õietolmuteri	c
Mee päritolu määratakse..	laboris, nektari päritolu järgi	õietolmuterade päritolu järgi	mesinik oletab ise kus ta mesilased korjel käivad	b
Kristalliseerunud mett tohib sulatada kuni..	20c	40c	60c	b
Kas aknalaud otsese päikesevalguse käes on hea koht kus oma meepurki hoida?	jah	ei		b
Kas mesi on happeline?	jah, mee happesus on 3,5-4,5	ei, mee happesus on 3,5-4,5		a
Kas naturaalsel meel võib olla ka mõrkjas, hapukas või kibe maitse?	jah	ei		a
Mesi koosneb liht- ja liitsuhkrutest, glükoosist ja fruktoosis, mineraalainetest, fermentidest vitamiinidest, veest ja õietolmust.	vale	õige		b
Kui alla 2 aastase mee HMF (hüdroksümetüülfurfuraalnäitaja on üle 40, siis..	tegu on kvaliteetse meega	tõenäoliselt on mett kuumutatud lubatust kõrgemal temperatuuril või liiga pikalt		b
Kas mett mida on kõrgel kuumusel (üle +40ckuumutatud, võib mesilastele tagasi sööta?	jah, võib	ei või, sest tekkinud HMF keemiline ühend on mesilastele mürgine		b
Mida näitab mee diastaas?	mee bioloogilist aktiivsust	mineraalide sisaldust mees	näitab sahharoosi lihtsuhkruteks lagundava ensüümi aktiivsust	a
Mida näitab mee niiskusesisaldus?	näitab mee küpsust. Küpse Eesti mee niiskusesisaldus on reeglina 16 - 18% vahel. Üle 20% niiskusesisaldusega mee korral on kõrgem oht riknemiseks	näitab mee küpsust. Küpse Eesti mee niiskusesisaldus on reeglina 15-16% vahel. Üle 16% niiskusesisaldusega mee korral on kõrgem oht riknemiseks		a
Kui vahale lisatakse parafiine, steariini või teisi sünteetilisi aineid, siis..	tegu on tavalise praktikaga kompenseerimaks vahapuudust ning mesilasperesid see ei mõjuta	tegu on vaha võltsimisega ning sellisest vahast saab halvema kvaliteediga kärjepõhjad mis võivad tarus kokku vajuda või ei ehita mesilased nendele kärge		b
Kas liigne suitsiku kasutamine meekärgede tarust välja võtmisel võib rikkuda mee maitse?	ei, mesi on kaanetatud ja kaitstud suitsu eest	jah, meele võib jääda tugev suitsune mekk ja lõhn		b
Kreemja mee valmistamisel on oluline mee järelkuivamine, sest mee segamisel tõuseb niiskus ülemistesse kihtidesse. Kui seda ei tee, siis..	mesi muutub kivikõvaks	mesi kihistub	mesi läheb käärima	c
Kas või mis võib juhtuda kui pakendada kokku eri aegadel vurritatud mesi ilma, et neid omavahel ei segatud?	ei juhtu midagi	meepurki võivad tekkida erisugused kihid; halvemal korral võib mesi minna ka käärima		b
Mis on mee erikaal?	1 liiter = 1kg mett	1 liiter = 0,7kg mett	1 liiter = 1,4kg mett	c
Meevurri ja meesõela kasutades on Põllumajandusministri määruse nr 104 järgi tegu..	nõrutatud meega	filtreeritud meega	vurrimeega	c
Kas kasutatud klaasist supipurk sobib mee pakendamiseks?	ei sobi	kui purk on väga hoolikalt pestud ja steriliseeritud nii, et pakend on täiesti lõhnavaba, siis tohib koos täiesti uue purgikaanega		b
Äsja vurritatud mee värvus on intensiivne ja ergas. Kas see säilitab purgis sama värvi ka mõne kuu pärast?	jah	ei		b
Kristalliseerunud mesi on..	mee olek mis annab märku juba langevast toiteväärtusest ja kvaliteedist	meie looduskeskkonnast kogutud naturaalse mee loomulik olek		b
Kui meepurgis on näha tekkimas valgeid laike, siis..	on see mee sisse lisatud suhkur	on need glükoosikristallid		b
Põllumajandusministri määrus sätestab mee niiskuse ülempiiriks 20%, kuid vaikimisi eelistavad Eesti mesinikud ideaalis selleks numbriks mitte rohkem kui..	15%	18%	21%	b
Kas vedelat mett tohib õhukindlalt säilitada sügavkülmas?	ei tohi, mesi läheb käärima	tohib küll, üles sulades saab jälle vedelat mett nautida ilma kvaliteeti kaotamata		b
Mee "parim enne" on ... aastat alates mee vurritamise päevast.	1	2	5	b
Kas "parim enne" kuupäeva möödudes on mesi söögikõlblik?	pigem mitte	on küll, lihtsalt mee bioloogiline aktiivsus on vähenenud		b
Paljud mesinikud lasevad peale füüsikalise-keemiliste näitajate uurida ka mee õietolmu koostist. Miks on seda kasulik teada?	saab teada, kas tegu on lehemeega	saab teada, kas mesi sisaldab pestitsiide	saab teada, kuhu mesilane eelistab lennata, mida korjata ning jagada seda infot ka meetarbijale	c
Johannes Mehring leiutas 1857. aastal..	esimese meevurri	kärjepõhja valmistamise tehnoloogia	liigutavate raamidega mesilastaru	b
Kui mesilaspere sülemles 1.06 ja samal päeval koorus sülemikupust uus mesilasema, siis uusi mune on mesilasperes oodata..	5-10 pluss 3-5 päeva pärast = ajavahemikul 9.06 kuni 16.06	5 päeva pärast ehk 6.06		a
Kas jaanipäeval toimuva meevõtu ajal on mesilased samasuguse käitumisega nagu sügisel viimase meevõtu ajal kui korje on lõppenud?	jah, mesilased on kurjad ja mee lõhn ajab õhkkonna ärevaks terveks päevaks	ei, suvel kui korje on olemas, pööravad mesilased naabertarude meelõhnale vähem tähelepanu		b
Varroalest jõudis Eestisse..	1978 aastal, Kirde-Eestis	1990 aastal, Kirde-Eestis	1955 aastal, Kirde-Eestis	a
Lesehaudme lõikamise eesmärk on..	varroalesta vastu võitlemine	leskede populatsiooni kontrolli all hoidmine		a
Tümool on..	eeterlik õli mida saadakse nt tüümianitaimest ning kasutatakse raamide desinfitseerimiseks	eeterlik õli mida saadakse nt tüümianitaimest ning kasutatakse varroalesta tõrjeks		b
Kas suira hulgaline sisaldus mees võib kuidagi mee kvaliteeti mõjutada?	ei	kuna suir sisaldab erinevaid seeneeoseid, siis võib see isegi küpse mee käärimisprotsessi esile kutsuda		b
Mida võib vähese inventariga hobimesinik teha tugevalt mesise kaanetisega?	ära visata	otse vahasulatusse saata	kaanetis eraldi produktina ära tarbida või mesi välja nõrutada ning kaanetise vaha enne sulatamist puhtaks leotada	c
Kas mesise vaha "pesuvesi" kõlbab veel mõneks otstarbeks?	kõlbab ainult taimede kastmiseks	enda otstarbeks võib ka mõdu teha	võib jätta pikemaks ajaks õue ämbrisse, mesilastele joomiseks	b
Kõige kiirem ja mugavam viis suitsiku süütamiseks?	tikud	väike gaasipõleti	hõõguvad söed	b
Mis on hobimesinikule kõige odavam ja säästlikum viis suira kättesaamiseks?	osta suirapurusti	kärgede külmutamine, purustamine ja sõera sõelumine	ükshaaval kärjekannust nokkides	c
Kas peale suira kogumist mesiniku poolt peab ta seda pikema säilitamise jaoks ka kuivatama?	ei pea, suir on piisavalt kuiv, et ei lähe enam hallitama	kui ei ole plaan suira ainult sügavkülmas säilitada, siis peab ka kuivatama		b
Miks inimesed suira söövad?	lihtsalt maitse pärast, kommi asemel	terviseteadlikud inimesed teavad, et suira on juba väga ammustest aegadest kasutatud erinevate tervisehädade raviks ning tervise tugevdamiseks		b
Kas "õietolmu kogujaga" kogutud õietolmu peab pikema säilitamise eesmärgil kuivatama?	jah	ei		a
Kui tihti tühjendatakse õietolmu kogujat?	kord nädalas	kord kolme päeva jooksul	iga päev	c
Kas suir ja mesi on vegan?	jah	ei		b
Mis on pagarimesi?	tavaline mesi mida müüakse tööstustele hulgihinnaga	mesi mis on loodusliku korje tagajärjel saanud ebatavalise maitse ja mida on raske tavatarbijale müüa	mesi mis võib olla üle kuumutatud (nt vahasulatusel), käärimistunnustega või käärinud, võõra lõhna ja maitsega, kuid mida võib magusainena kasutada tööstuslikult või muu hiljem töödeldava toidu koostises	c
Mis juhtub kui teha meesegu liigniiskete koostisosadega?	selline segu ei säili väga pikalt ja läheb käärima	selline segu ei säili väga pikalt ja läheb hallitama		a
Mis on apiteraapia?	mesilasteraapia inimestele	üldnimetus igasugustele mesilashaiguste ravile	mesindamine viisil kus mesilastele tekitatakse võimalikult vähe stressi	a
Mis ravim võiks igal mesinikul igaks elujuhtumiks mesilas valmis olla?	insuliini süstal	epipen (epinefriin)	apistan	b
Miks on praktiseeritud sülemi pritsimist veega?	et mesilasema "vihma" tõttu tarust välja ei lendaks, sülemlevale perele järgi	et sundida sülemit paigale jääma, sest mesilased vihmaga ei lenda ja see annab mesinikule tegutsemise aega juurde	mesinik elab oma pahameelt välja	b
Sinu sõber saab ühelt mesilaselt nõelata ning üsna ruttu tekib tal naha punetus, iiveldus, uimasus, kuumatunne, rahutus, keele ja kõri turse ning hingamisraskused. Mida teed?	kõigepealt viin ta autosse ja hakkan haigla poole sõitma	kõigepealt uurin epipeni olemasolu, seejärel helistan kiirabisse ja käitun vastavalt nende juhistele ning olen valmis vajadusel oma sõpra elustama	käsen tal külma veevanni või lähedal asuvasse veekogusse istuda	b
Kas vaablane on sama kes vapsik?	jah, rahvakeeli on neil tekkinud kaks nimetust	ei, vaablane on taimtoiduline ja inimestele ning mesilastele täiesti ohutu		b
Kui mõni su mesilaspere on aja jooksul muutunud iseloomult kurjemaks, rahutumaks ning muudab mesiniku töö stressitekitavaks, siis mis võiks olla sellise olukorra lahenduseks?	löö jalaga vastu taru, ütle paar karvast sõna ja ära rohkem selle mesilaspere tegevusse sekku	müü see pere ära mõnele alustavale hobimesinikule	vaheta selles peres mesilasema ära; vajadusel osta see paarunud mesilasema mõne emadekasvataja käest	c
Mis on tarukaart?	mesila kaart kuhu on märgitud kõikide tarude asukohad	mesilamärkmik või infoleht iga mesilaspere kohta kuhu mesinik kogub pere iseloomustava info ning perega läbi viidud protseduurid		b
Kas kimalased ja erakmesilased on sama olulised tolmeldajad nagu meemesilased?	kuna nad elavad eraklikult või väikeste peredena, siis nende mõju looduses on ka väiksem	on küll ning mingis mõttes on nad isegi hoolikamad tolmeldajad kui meemesilased kes on oma olemuselt maksimalistid ning valivad		b
Kas ohtlikud pestitsiidid on ainult suurtel põllukultuuridel?	jah	ei, ka minu naaber võib kasutada (teadmatult või teadlikult) oma koduaias keemilisi taimekaitsevahendeid mis on ohtlikud keskkonnale		b
Suitsiku suitsu võiks kasutada..	pigem rohkem kui vähem	enne läbivaatust paar lõõtsatõmmet lennuavasse ja katuse avades ka raamide vahele, et nad kohe rahuneks	pigem vähem ning võimalusel ainult ründavatele mesilastele	c
Seda on Eesti mesinduses kasutatud ka taruharja asemel..	lehma sabatutt	lamba vill	hane tiib	c
Teadlik ja hoolikas mesinik..	valvab kevadel mesilasperede sülemlemist, et need kinni püüda	jälgib mesilasperede arengut, et vajadusel alustada sülemlemismeeleolu ennetamist		b
Võõraid mesilassülemeid.. ei tohi oma mesilasse tuua bvõib otsejoones oma mesilasse tuua cvõib oma mesilasse tuua, kuid mesinik peab olema teadlik võimalike haiguste ennetamise (sh. sülemiga kaasas oleva mee võimaliku haudmemädaniku eostega)	ei tohi oma mesilasse tuua	võib otsejoones oma mesilasse tuua	võib oma mesilasse tuua, kuid mesinik peab olema teadlik võimalike haiguste ennetamise (sh. sülemiga kaasas oleva mee võimaliku haudmemädaniku eostega) ja efektiivse lestatõrje osas	c
Mesinduse põhitõdesid mittetundev, niisama laisk ning ahne mesinik on mesilaspere arengule pigem..	arengut soodustav abiline	arengut pidurdav abiline		b
Kuidas koguda eriti puhast taruvaiku?	konkspeitliga raame, magasine ja pesaruumi kraapides	kasutades taruvaigu kogumise resti		b
Kas ja kus saab Eestis omandada mesiniku elukutset riikliku tasemeõppena?	Eestis saab hetkel õppida mesindust ainult hobimesinduse tasemel	Olustvere Teenindus- ja Maamajanduskoolis	Mesinduse ABC kursusel	b
Miks võiks omada häid suhteid oma naabermesinikuga?	vajadusel saab laenata temalt inventari	ühised arusaamad mesilashaiguste ennetamisest ja ravist tulevad kasuks teie mõlema mesilale	saab käia tema PRIA's registreeritud tarusid üle lugemas	b
Eesti meeturu probleemiks on..	kodumaised mesinikud kes toodavad "vale" mett	imporditud odav võltsmesi või mee päritolu (riigi) vale info		b
Kas hobimesinik tohib turul müüa ühekordse üritusena mõdu, meeveini või teisi mesindussaadusega alkoholi sisaldavaid tooteid?	jah, ühekordsel üritusel osaledes pole täiendav dokumentatsioon vajalik	ei tohi	tohib juhul kui on MTA'lt taotletud aktsiisilao tegevusluba, teavitatud PTA'd ning valmiv alkohoolne jook tuleb kanda ka riiklikusse alkoholiregistrisse	c
Mis oli 2020a kodumaise õiemee optimaalne hind tarbijale?	10-12€ kg	12-14€ kg	8-10€ kg	c
Kas suurt mesilat on võimalik majandada samasuguste töövõtete ja ajakuluga nagu hobimesinikud väiksemates mesilates?	jah, ikka	ei		b
Maakodudes on keskkonnasõbralik käitumine..	pidev niitmine, looduse piiramine ja omale meelepärase taimekultuuri külvamine	niidan täpselt nii palju kui on hädavajalik ning lasen loodusel õitseda		b